<?xml version="1.0" encoding="UTF-8" ?>
<!DOCTYPE mapper PUBLIC "-//mybatis.org//DTD Mapper 3.0//EN" "http://mybatis.org/dtd/mybatis-3-mapper.dtd">
<mapper namespace="com.shiyian.mapper.SysRoleMapper">

    <resultMap id="roleMap" type="com.shiyian.entity.SysRole">
        <id property="id" column="id"/>
        <result property="name" column="name"/>
        <collection property="menus" ofType="com.shiyian.entity.SysMenu">
            <id property="id" column="menu_id"></id>
        </collection>

    </resultMap>
    <delete id="deleteRoleMenus" parameterType="com.shiyian.entity.SysRole">
        delete from sys_role_menu where sys_role_id = #{id}
    </delete>

    <!--批量更新角色-->
    <insert id="insertRoleMenus" parameterType="com.shiyian.entity.SysRole">
        insert into sys_role_menu (sys_role_id,sys_menu_id)
        <foreach collection="menus" item="menu" separator=" union all ">
            SELECT #{id}, #{menu.id} from dual
        </foreach>
    </insert>

    <select id="findRoleAndMenu" parameterType="int" resultMap="roleMap">
        SELECT sr.*,srm.sys_menu_id menu_id
        from sys_role sr
        LEFT JOIN sys_role_menu srm on srm.sys_role_id = sr.id
        where sr.id = #{value}
    </select>


</mapper>