<?xml version="1.0" encoding="UTF-8" ?>
<!DOCTYPE mapper PUBLIC "-//mybatis.org//DTD Mapper 3.0//EN" "http://mybatis.org/dtd/mybatis-3-mapper.dtd">
<mapper namespace="com.shiyian.mapper.SysUserMapper">
    <resultMap id="userMap" type="com.shiyian.entity.SysUser">
        <id property="id" column="id"/>
        <result property="username" column="username"/>
        <result property="password" column="password"/>
        <result property="name" column="name"/>
        <collection property="roles" ofType="com.shiyian.entity.SysRole">
            <id property="id" column="role_id"></id>
            <result property="name" column="role_name"/>
        </collection>

    </resultMap>

    <insert id="insertRoles" parameterType="com.shiyian.entity.SysUser">
        insert into sys_user_role (sys_user_id,sys_role_id)
        <foreach collection="roles" item="role" separator=" union all ">
            SELECT #{id}, #{role.id} from dual
        </foreach>
    </insert>

    <delete id="deleteRoles" parameterType="com.shiyian.entity.SysUser">
        delete from sys_user_role where sys_user_id = #{id}
    </delete>

    <select id="findUserByName" parameterType="String" resultMap="userMap">
		select u.*
		,r.name role_name,r.id role_id
		from sys_User u
        LEFT JOIN sys_user_role sru on u.id= sru.sys_user_id
        LEFT JOIN sys_role r on sru.sys_role_id=r.id
        where username= #{username}
	</select>
    <select id="findUserById" parameterType="int" resultMap="userMap">
        select u.*
		,r.name role_name,r.id role_id
		from sys_User u
        LEFT JOIN sys_user_role sru on u.id= sru.sys_user_id
        LEFT JOIN sys_role r on sru.sys_role_id=r.id
        where u.id= #{value}
    </select>
</mapper>